[{"date":"2025-04-15","orderId":"ORD001","totalPrice":850.0,"items":[{"itemId":"ITEM001","itemName":"Toner Cartridge","quantity":2,"price":350.0},{"itemId":"ITEM002","itemName":"Printer Paper","quantity":5,"price":30.0}],"status":"Completed"},{"date":"2025-04-13","orderId":"ORD002","totalPrice":120.0,"items":[{"itemId":"ITEM003","itemName":"USB Cable","quantity":3,"price":40.0}],"status":"Pending"},{"date":"15\/04\/2025","orderId":"001","totalPrice":2450.0,"items":[{"itemId":"ITEM001","itemName":"Toner Cartridge","quantity":2,"price":350.0},{"itemId":"ITEM003","itemName":"Ink Bottle","quantity":5,"price":150.0},{"itemId":"001","itemName":"Books","quantity":5,"price":200.0}],"status":"Pending"}]